Workbook

Sheet COVER
H16: BUDAYA RAPI SEPATU SANDAL

Sheet IDENTITAS
F9: =IF(H9<>"","","TULIS NAMA KETUA") -> TULIS NAMA KETUA | O9: =IF(H9<>"","KETUA","")
F10: =IF(H9<>"",1,"")
F11: =IF(H11<>"","","TULIS NAMA ANGGOTA") -> TULIS NAMA ANGGOTA | O11: =IF(H11<>"","ANGGOTA","")
F12: =IF(H11<>"",2,"")
F13: =IF(H13<>"","","TULIS NAMA ANGGOTA") -> TULIS NAMA ANGGOTA | O13: =IF(H13<>"","ANGGOTA","")
F14: =IF(H13<>"",3,"")
F15: =IF(H15<>"","","TULIS NAMA ANGGOTA") -> TULIS NAMA ANGGOTA | O15: =IF(H15<>"","ANGGOTA","")
F16: =IF(H15<>"",4,"")
F17: =IF(H17<>"","","TULIS NAMA ANGGOTA") -> TULIS NAMA ANGGOTA | O17: =IF(H17<>"","ANGGOTA","")
F18: =IF(H17<>"",5,"")
F19: =IF(H19<>"","","TULIS NAMA ANGGOTA") -> TULIS NAMA ANGGOTA | O19: =IF(H19<>"","ANGGOTA","")
F20: =IF(H19<>"",6,"")
F21: =IF(H21<>"","","TULIS NAMA ANGGOTA") -> TULIS NAMA ANGGOTA | O21: =IF(H21<>"","ANGGOTA","")
F22: =IF(H21<>"",7,"")
F23: =IF(H23<>"","","TULIS NAMA ANGGOTA") -> TULIS NAMA ANGGOTA | O23: =IF(H23<>"","ANGGOTA","")
F24: =IF(H23<>"",8,"")
B27: =IF(G4<>"","","TULIS NAMA KELOMPOK") -> TULIS NAMA KELOMPOK

Sheet KETENTUAN
C7: POIN | E7: STATUS | H7: KETERANGAN | N7: LOKASI OBSERVASI

Sheet INPUT
B3: TANGGAL RISET
B6: NO | C6: LOKASI | D6: SEPATU | F6: SANDAL
D7: POIN | E7: STATUS | F7: POIN | G7: STATUS
B8: 1 | E8: =FORMULA!I6 -> 0 | G8: =FORMULA!I14 -> 0 | I8: RAPI
I9: KURANG RAPI | N9: =IF(G9<>"","KETUA","")
B10: 2 | E10: =FORMULA!I7 -> 0 | G10: =FORMULA!I15 -> 0 | I10: TIDAK RAPI
N11: =IF(G11<>"","ANGGOTA","")
B12: 3 | E12: =FORMULA!I8 -> 0 | G12: =FORMULA!I16 -> 0
N13: =IF(G13<>"","ANGGOTA","")
B14: 4 | E14: =FORMULA!I9 -> 0 | G14: =FORMULA!I17 -> 0
N15: =IF(G15<>"","ANGGOTA","")
B16: 5 | E16: =FORMULA!I10 -> 0 | G16: =FORMULA!I18 -> 0
N17: =IF(G17<>"","ANGGOTA","")

Sheet DASHBOARD
N8: =IF(H11<>"","ANGGOTA","")
N17: =IF(H21<>"","ANGGOTA","")
O23: =IF(H23<>"","ANGGOTA","")
B27: =IF(G4<>"","","TULIS NAMA KELOMPOK") -> TULIS NAMA KELOMPOK

Sheet FORMULA
B4: KRITERIA | D4: lokasi | F4: Sepatu
B5: POIN | C5: Status | D5: Keterangan | G5: Lokasi | H5: Nilai | I5: Status | K5: Target | L5: =KETENTUAN!C9 -> 0
B6: =KETENTUAN!C9 -> 0 | C6: =KETENTUAN!E9 -> 0 | D6: =KETENTUAN!N9 -> 0 | F6: 1 | G6: =INPUT!C8 -> 0 | H6: =INPUT!D8 -> 0 | I6: =IF(H6=$B$6,$C$6,IF(H6=$B$7,$C$7,IF(H6=$B$8,$C$8,IF(H6=$B$9,$C$9,IF(H6=$B$10,$C$10,""))))) -> 0 | K6: Max | L6: =MAX(H6:H10) -> 0
B7: =KETENTUAN!C11 -> 0 | C7: =KETENTUAN!E11 -> 0 | D7: =KETENTUAN!N11 -> 0 | F7: 2 | G7: =INPUT!C10 -> 0 | H7: =INPUT!D10 -> 0 | I7: =IF(H7=$B$6,$C$6,IF(H7=$B$7,$C$7,IF(H7=$B$8,$C$8,IF(H7=$B$9,$C$9,IF(H7=$B$10,$C$10,""))))) -> 0 | K7: Min | L7: =MIN(H6:H10) -> 0
B8: =KETENTUAN!C13 -> 0 | C8: =KETENTUAN!E13 -> 0 | D8: =KETENTUAN!N13 -> 0 | F8: 3 | G8: =INPUT!C12 -> 0 | H8: =INPUT!D12 -> 0 | I8: =IF(H8=$B$6,$C$6,IF(H8=$B$7,$C$7,IF(H8=$B$8,$C$8,IF(H8=$B$9,$C$9,IF(H8=$B$10,$C$10,""))))) -> 0 | K8: Rata | L8: =IF(COUNTIF(H6:H10,">0")=0,"",AVERAGEIF(H6:H10,">0"))
B9: =KETENTUAN!C15 -> 0 | C9: =KETENTUAN!E15 -> 0 | D9: =KETENTUAN!N15 -> 0 | F9: 4 | G9: =INPUT!C14 -> 0 | H9: =INPUT!D14 -> 0 | I9: =IF(H9=$B$6,$C$6,IF(H9=$B$7,$C$7,IF(H9=$B$8,$C$8,IF(H9=$B$9,$C$9,IF(H9=$B$10,$C$10,""))))) -> 0 | K9: Total Lokasi | L9: =COUNTIF(G6:G10,"*") -> 0 | M9: =(L8+L16)/2 -> #VALUE!
B10: =KETENTUAN!C17 -> 0 | C10: =KETENTUAN!E17 -> 0 | D10: =KETENTUAN!N17 -> 0 | F10: 5 | G10: =INPUT!C16 -> 0 | H10: =INPUT!D16 -> 0 | I10: =IF(H10=$B$6,$C$6,IF(H10=$B$7,$C$7,IF(H10=$B$8,$C$8,IF(H10=$B$9,$C$9,IF(H10=$B$10,$C$10,""))))) -> 0 | K10: STATUS | L10: =IF(L8=L5,"🤩",IF(L8<L5,"😔","")) | M10: =IF(M9=L5,"🤩",IF(M9<L5,"😔","")) -> #VALUE!
G11: `
C12: 1 | D12: =IF(C12=$B$6,$C$6,IF(C12=$B$7,$C$7,IF(C12=$B$8,$C$8,IF(C12=$B$9,$C$9,IF(C12=$B$10,$C$10,""))))) | F12: Sandal
G13: Lokasi | H13: Nilai | I13: Status | K13: Target | L13: =KETENTUAN!C9 -> 0
F14: 1 | G14: =G6 -> 0 | H14: =INPUT!F8 -> 0 | I14: =IF(H14=$B$6,$C$6,IF(H14=$B$7,$C$7,IF(H14=$B$8,$C$8,IF(H14=$B$9,$C$9,IF(H14=$B$10,$C$10,""))))) -> 0 | K14: Max | L14: =MAX(H14:H18) -> 0
F15: 2 | G15: =G7 -> 0 | H15: =INPUT!F10 -> 0 | I15: =IF(H15=$B$6,$C$6,IF(H15=$B$7,$C$7,IF(H15=$B$8,$C$8,IF(H15=$B$9,$C$9,IF(H15=$B$10,$C$10,""))))) -> 0 | K15: Min | L15: =MIN(H14:H18) -> 0
F16: 3 | G16: =G8 -> 0 | H16: =INPUT!F12 -> 0 | I16: =IF(H16=$B$6,$C$6,IF(H16=$B$7,$C$7,IF(H16=$B$8,$C$8,IF(H16=$B$9,$C$9,IF(H16=$B$10,$C$10,""))))) -> 0 | K16: Rata | L16: =IF(COUNTIF(H14:H18,">0")=0,"",AVERAGEIF(H14:H18,">0"))
F17: 4 | G17: =G9 -> 0 | H17: =INPUT!F14 -> 0 | I17: =IF(H17=$B$6,$C$6,IF(H17=$B$7,$C$7,IF(H17=$B$8,$C$8,IF(H17=$B$9,$C$9,IF(H17=$B$10,$C$10,""))))) -> 0 | K17: Total Lokasi | L17: =COUNTIF(G14:G18,"*") -> 0
F18: 5 | G18: =G10 -> 0 | H18: =INPUT!F16 -> 0 | I18: =IF(H18=$B$6,$C$6,IF(H18=$B$7,$C$7,IF(H18=$B$8,$C$8,IF(H18=$B$9,$C$9,IF(H18=$B$10,$C$10,""))))) -> 0 | K18: STATUS | L18: =IF(L16=L13,"🤩",IF(L16<L13,"😔",""))

Sheet SEPATU
B2: HOMEBASE

Sheet SANDAL
B2: HOMEBASE
